{"episode_lengths": [527, 360, 353, 335, 588], "timestamps": [1584929106.340146, 1584929118.4398727, 1584929130.3064508, 1584929141.572908, 1584929161.2732549], "episode_types": ["t", "t", "t", "t", "t"], "episode_rewards": [-95.65974449496387, -203.13851744138339, -4.3810886833210105, -35.179753751491305, -294.5201185634222], "initial_reset_timestamp": 1584929088.4619334}